No,product_id,name,original_price,discount,sale_price,product_url,image_url
67,post-100106,"Manual Fruit Juicer Hand Squeezer","₨ 2,500",-40%,"₨ 1,500",https://ebuy.pk/product/manual-fruit-juicer/,https://ebuy.pk/wp-content/uploads/Steel-Manual-Fruit-Juicer-Hand-Squeezer-at-Best-Price-In-Pakistan-247x307.jpg
141,post-102583,"Scalp Massager Shampoo Hair Brush for Dandruff Removal",₨ 400,-30%,₨ 280,https://ebuy.pk/product/scalp-massager-shampoo-hair-brush/,https://ebuy.pk/wp-content/uploads/Scalp-Massager-Shampoo-Hair-Brush-at-best-price-in-Pakistan-247x307.jpg
66,post-102596,"Teddy Bear Tooth Brush Holder Multipurpose",₨ 300,-40%,₨ 180,https://ebuy.pk/product/teddy-bear-tooth-brush-holder/,https://ebuy.pk/wp-content/uploads/Teddy-Bear-Tooth-Brush-Holder-at-best-price-in-Pakistan-247x307.jpg
65,post-102966,"Wall Mounted Pot Lid Holder Rotatable",₨ 600,-42%,₨ 350,https://ebuy.pk/product/wall-mounted-pot-lid-holder/,https://ebuy.pk/wp-content/uploads/Wall-Mounted-Pot-Lid-Holder-Rotatable-at-best-price-in-Pakistan-247x307.jpg
64,post-104426,"Leaf Shape Soap Drain Stand",₨ 400,-40%,₨ 240,https://ebuy.pk/product/leaf-shape-soap-drain-stand/,https://ebuy.pk/wp-content/uploads/Leaf-Shape-Soap-Drain-Stand-online-in-Pakistan-247x307.jpg
15,post-104446,"Rubber Stretchable Muscle Expander Body Exerciser","₨ 1,500",-33%,"₨ 1,000",https://ebuy.pk/product/rubber-stretchable-muscle-expander/,https://ebuy.pk/wp-content/uploads/Rubber-Stretchable-Muscle-Expander-online-at-best-price-in-Pakistan-247x307.jpg
47,post-106273,"Sakura Flower Shaped Soap Dish Holder",₨ 180,-33%,₨ 120,https://ebuy.pk/product/sakura-flower-shaped-soap-dish/,https://ebuy.pk/wp-content/uploads/Sakura-Flower-Shaped-Soap-Dish-Holder-online-in-Pakistan-247x307.jpg
127,post-110463,"P1 Foldable Laptop Stand- Portable & Adjustable","₨ 1,500",-33%,"₨ 1,000",https://ebuy.pk/product/p1-foldable-laptop-stand/,https://ebuy.pk/wp-content/uploads/P1-Portable-Foldable-laptop-Stand-Online-at-best-price-in-Pakistan-247x307.jpg
110,post-110767,"Professional Hair Straightener Brush Curler Dual Use Hair Styling Comb","₨ 3,500",-46%,"₨ 1,900",https://ebuy.pk/product/professional-hair-straightener-brush-curler/,https://ebuy.pk/wp-content/uploads/2-in-1-Hair-stylish-straightener-brush-curler-online-in-Pakistan-1-247x307.jpg
63,post-110993,"Magic Sticky Gel Cleaner",₨ 280,-21%,₨ 220,https://ebuy.pk/product/magic-sticky-gel-cleaner/,https://ebuy.pk/wp-content/uploads/Magic-Sticky-Glue-Cleaner-Best-Price-In-Pakistan-247x307.jpg
122,post-110999,"Luminous Glowing Star Stickers",₨ 250,-32%,₨ 170,https://ebuy.pk/product/luminous-glowing-star-stickers/,https://ebuy.pk/wp-content/uploads/Glow-In-The-Dark-Self-Adhesive-Stars-Online-At-Best-Price-In-Pakistan-247x307.jpg
176,post-111021,"Wall-Mounted Extension Wire Organizer",₨ 200,-35%,₨ 130,https://ebuy.pk/product/wall-mounted-extension-wire-organizer/,https://ebuy.pk/wp-content/uploads/Extension-Wire-Organizer-Online-At-Best-Price-In-Pakistan-247x307.jpg
62,post-111234,"Silicone Back Bath Scrubber",₨ 500,-40%,₨ 300,https://ebuy.pk/product/silicone-back-bath-scrubber/,https://ebuy.pk/wp-content/uploads/Silicone-Back-Bath-Scrubber-Online-At-Best-Price-In-Pakistan-247x307.jpg
175,post-111324,"Hand Press Food Chopper","₨ 3,000",-27%,"₨ 2,200",https://ebuy.pk/product/hand-press-food-chopper/,https://ebuy.pk/wp-content/uploads/Hand-Press-Food-Chopper-Online-At-Best-Price-In-Pakistan-247x307.jpg
60,post-112147,"Press Pop-Up Toothpick Dispenser",₨ 450,-42%,₨ 260,https://ebuy.pk/product/press-pop-up-toothpick-dispenser/,https://ebuy.pk/wp-content/uploads/Press-Pop-Up-Toothpick-Dispenser-Online-In-Pakistan-247x307.jpg
155,post-114511,"Jade Roller Gua Sha Stone","₨ 1,000",-20%,₨ 800,https://ebuy.pk/product/jade-roller-gua-sha-stone/,https://ebuy.pk/wp-content/uploads/Jade-Roller-Gua-Sha-Stone-In-Pakistan-247x307.jpg
59,post-118477,"Remington Ceramic Hair Crimper","₨ 3,000",-13%,"₨ 2,600",https://ebuy.pk/product/remington-ceramic-hair-crimper/,https://ebuy.pk/wp-content/uploads/Remington-Ceramic-Hair-Crimper-Online-In-Pakistan-247x307.jpg
58,post-119497,"Automatic Bubble Blowing Machine",₨ 800,-25%,₨ 600,https://ebuy.pk/product/automatic-bubble-blowing-machine/,https://ebuy.pk/wp-content/uploads/Automatic-Bubble-Blowing-Machine-Online-In-Pakistan-247x307.jpg
139,post-120060,"Face Slimming Roller Massager",₨ 900,-33%,₨ 600,https://ebuy.pk/product/face-slimming-roller-massager/,https://ebuy.pk/wp-content/uploads/Face-Slimming-Roller-Massager-1-247x307.jpg
174,post-120300,"Dancing And Talking Cactus","₨ 3,600",-39%,"₨ 2,200",https://ebuy.pk/product/dancing-and-talking-cactus/,https://ebuy.pk/wp-content/uploads/Dancing-And-Talking-Cactus-Online-In-Pakistan-247x307.jpg
154,post-123075,"2 in 1 Facial Cleansing Brush",₨ 500,-24%,₨ 380,https://ebuy.pk/product/2-in-1-facial-cleansing-brush/,https://ebuy.pk/wp-content/uploads/2-in-1-Facial-Cleansing-Brush-Online-In-Pakistan-247x307.jpg
94,post-12353,"Spray Mop For Dry & Wet Clean","₨ 4,500",-29%,"₨ 3,200",https://ebuy.pk/product/spray-mop-dry-wet-clean/,https://ebuy.pk/wp-content/uploads/Spray-Mop-For-Dry-Wet-Clean-At-Best-Price-in-Pakistan-4-247x307.jpg
116,post-127023,"LED Mushroom Night Light",₨ 500,-30%,₨ 350,https://ebuy.pk/product/led-mushroom-night-light/,https://ebuy.pk/wp-content/uploads/LED-Mushroom-Night-Light-Online-In-Pakistan-247x307.jpg
57,post-127416,"Carbon Filter Stone Faucet",₨ 400,-30%,₨ 280,https://ebuy.pk/product/carbon-filter-stone-faucet/,https://ebuy.pk/wp-content/uploads/Carbon-Filter-Stone-Faucet-Online-In-Pakistan-247x307.jpg
121,post-128655,"Glow In The Dark Tape",₨ 550,-45%,₨ 300,https://ebuy.pk/product/glow-in-the-dark-tape/,https://ebuy.pk/wp-content/uploads/Glow-In-The-Dark-Tape-Online-Price-In-Pakistan-1-247x307.jpg
56,post-129530,"Wooden Bamboo Chopsticks",₨ 500,-32%,₨ 340,https://ebuy.pk/product/wooden-bamboo-chopsticks/,https://ebuy.pk/wp-content/uploads/Wooden-Bamboo-Chopsticks-Online-Price-In-Pakistan-247x307.jpg
55,post-129842,"Disposable Plastic Food Cover",₨ 800,-31%,₨ 550,https://ebuy.pk/product/disposable-plastic-food-cover/,https://ebuy.pk/wp-content/uploads/Disposable-Plastic-Food-Cover-Online-Best-Price-In-Pakistan-247x307.jpg
14,post-129948,"Nose Shaping Massage Roller",₨ 450,-38%,₨ 280,https://ebuy.pk/product/nose-shaping-massage-roller/,https://ebuy.pk/wp-content/uploads/Nose-Shaping-Massage-Roller-Online-Best-Price-In-Pakistan-247x307.jpg
2,post-129980,"2 in 1 Rechargeable Hair Trimmer","₨ 2,500",-40%,"₨ 1,500",https://ebuy.pk/product/2-in-1-rechargeable-hair-trimmer/,https://ebuy.pk/wp-content/uploads/2-in-1-Rechargeable-Hair-Trimmer-Online-Best-Price-In-Pakistan-247x307.jpg
54,post-130218,"Silicone Flower Shaped Tea Infuser",₨ 300,-33%,₨ 200,https://ebuy.pk/product/silicone-flower-shaped-tea-infuser/,https://ebuy.pk/wp-content/uploads/Silicone-Flower-Shaped-Tea-Infuser-Online-Price-In-Pakistan-247x307.jpg
53,post-130821,"LED Light Butterfly Sticker",₨ 120,-33%,₨ 80,https://ebuy.pk/product/led-light-butterfly-sticker/,https://ebuy.pk/wp-content/uploads/LED-Light-Butterfly-Sticker-Online-Best-Price-In-Pakistan-247x307.jpg
138,post-131922,"5 Finger Scalp Massager",₨ 300,-33%,₨ 200,https://ebuy.pk/product/5-finger-scalp-massager/,https://ebuy.pk/wp-content/uploads/5-Finger-Scalp-Massager-Online-Best-Price-In-Pakistan-247x307.jpg
108,post-135203,"3 in 1 Hot Air Brush","₨ 5,000",-36%,"₨ 3,200",https://ebuy.pk/product/3-in-1-hot-air-brush/,https://ebuy.pk/wp-content/uploads/3-in-1-Hot-Air-Brush-Hair-Dryer-Brush-Online-Best-Price-In-Pakistan-247x307.jpg
153,post-136812,"Wellice Anti-Hair Loss Onion Shampoo","₨ 1,000",-30%,₨ 700,https://ebuy.pk/product/wellice-anti-hair-loss-onion-shampoo/,https://ebuy.pk/wp-content/uploads/Wellice-Anti-Hair-Loss-Onion-Shampoo-Online-Price-In-Pakistan-247x307.jpg
52,post-136824,"Wall-Mounted Cactus Toothbrush Holder",₨ 250,-28%,₨ 180,https://ebuy.pk/product/wall-mounted-cactus-toothbrush-holder/,https://ebuy.pk/wp-content/uploads/Wall-Mounted-Cactus-Toothbrush-Holder-In-Pakistan-247x307.jpg
13,post-138287,"Flat Mouth Steel Eyebrow Tweezer",₨ 130,-54%,₨ 60,https://ebuy.pk/product/flat-mouth-steel-eyebrow-tweezer/,https://ebuy.pk/wp-content/uploads/Flat-Mouth-Steel-Eyebrow-Tweezer-In-Pakistan-247x307.jpg
137,post-147335,"Jade Roller Face Massager",₨ 900,-39%,₨ 550,https://ebuy.pk/product/jade-roller-face-massager/,https://ebuy.pk/wp-content/uploads/Jade-Roller-Face-Massager-Price-In-Pakistan-247x307.jpg
152,post-149189,"3 Piece Jade Rollers Set with Gua Sha","₨ 2,000",-40%,"₨ 1,200",https://ebuy.pk/product/3-piece-jade-roller-set/,https://ebuy.pk/wp-content/uploads/3-Piece-Jade-Roller-Set-Facial-Ridged-Roller-with-Gua-Sha-at-best-price-in-Pakistan-247x307.jpg
51,post-149801,"Refillable Spray Bottle",₨ 600,-28%,₨ 430,https://ebuy.pk/product/refillable-spray-bottle/,https://ebuy.pk/wp-content/uploads/Lemon-Strawberry-Shape-Water-Spray-Bottle-online-at-best-price-in-Pakistan-247x307.jpg
50,post-150900,"3 Pcs Mini Wire Brush Set",₨ 500,-40%,₨ 300,https://ebuy.pk/product/3-pcs-mini-wire-brush-set/,https://ebuy.pk/wp-content/uploads/3-Pcs-Mini-Wire-Brush-Set-online-at-best-price-in-Pakistan-247x307.jpg
145,post-15094,"Professional Body Massager","₨ 12,000",-33%,"₨ 8,000",https://ebuy.pk/product/professional-body-massager/,https://ebuy.pk/wp-content/uploads/Thrive-Body-Massager-717-Online-At-Best-Price-in-Pakistan-3-247x307.jpg
136,post-153025,"Mini Fascial Massager","₨ 2,500",-36%,"₨ 1,600",https://ebuy.pk/product/mini-fascial-massager/,https://ebuy.pk/wp-content/uploads/Mini-Fascial-Deep-Tissue-Muscle-Massager-at-Best-Price-in-Pakistan-247x307.jpg
49,post-168803,"Shirt Stacker Closet Organizer",₨ 700,-31%,₨ 480,https://ebuy.pk/product/shirt-stacker-closet-organizer/,https://ebuy.pk/wp-content/uploads/Shirt-Stacker-Closet-Organizer-online-at-best-price-in-Pakistan-247x307.jpg
120,post-170204,"Whitening Facial Kit","₨ 1,800",-33%,"₨ 1,200",https://ebuy.pk/product/whitening-facial-kit/,https://ebuy.pk/wp-content/uploads/Whitening-Facial-Kit-Online-Best-Price-In-Pakistan-247x307.jpg
48,post-171059,"3 in 1 Wall Mounted Shoe Holder",₨ 700,-43%,₨ 400,https://ebuy.pk/product/3-in-1-wall-mounted-shoe-holder/,https://ebuy.pk/wp-content/uploads/3-in-1-Wall-Mounted-Shoe-Holder-Online-Best-Price-In-Pakistan-247x307.jpg
46,post-171944,"Hair Soften Capsules",₨ 250,-44%,₨ 140,https://ebuy.pk/product/hair-soften-capsules/,https://ebuy.pk/wp-content/uploads/Hair-Soften-Capsules-online-in-Pakistan-247x307.jpg
128,post-172568,"5 in 1 Keyboard Cleaning Brush Kit",₨ 700,-43%,₨ 400,https://ebuy.pk/product/5-in-1-keyboard-cleaning-brush-kit/,https://ebuy.pk/wp-content/uploads/5-in-1-Keyboard-Cleaning-Brush-Kit-online-at-best-price-in-Pakistan-247x307.jpg
93,post-17362,"BBQ Grill Wire Mesh Chrome Plated","₨ 2,200",-55%,"₨ 1,000",https://ebuy.pk/product/bbq-grill-wire-mesh-chrome-plated/,https://ebuy.pk/wp-content/uploads/BBQ-Grill-Wire-Mesh-Chrome-Plated-Price-in-Pakistan-247x307.jpg
92,post-17592,"Square Grill Pan","₨ 3,500",-26%,"₨ 2,600",https://ebuy.pk/product/square-grill-pan/,https://ebuy.pk/wp-content/uploads/1-247x307.jpg
12,post-176327,"Ultimate Skin Care Deal",NULL,"No discount",NULL,https://ebuy.pk/product/ultimate-skin-care-deal/,https://ebuy.pk/wp-content/uploads/Ultimate-Skin-Care-Deal-247x307.jpg
45,post-181264,"Disposable Plastic Garbage Bags",₨ 580,-34%,₨ 380,https://ebuy.pk/product/disposable-plastic-garbage-bags/,https://ebuy.pk/wp-content/uploads/Disposable-Plastic-Garbage-Bags-Online-Best-Price-In-Pakistan-247x307.jpg
44,post-183108,"Round Wooden Bamboo Spoon Holder","₨ 1,700",-35%,"₨ 1,100",https://ebuy.pk/product/round-wooden-bamboo-spoon-holder/,https://ebuy.pk/wp-content/uploads/Round-Wooden-Bamboo-Spoon-Holder-Online-at-Best-Price-in-Pakistan-247x307.jpg
43,post-183138,"LCD Writing Drawing Tablet","₨ 1,500",-27%,"₨ 1,100",https://ebuy.pk/product/lcd-writing-drawing-tablet/,https://ebuy.pk/wp-content/uploads/LCD-Writing-Drawing-Tablet-Online-Best-Price-In-Pakistan-247x307.jpg
107,post-183155,"5 in 1 Hot Air Brush Hair Curler Styler Set","₨ 7,000",-23%,"₨ 5,400",https://ebuy.pk/product/5-in-1-hot-air-brush-hair-curler-styler-set/,https://ebuy.pk/wp-content/uploads/5-in-1-Hot-Air-Brush-Hair-Curler-Styler-Set-Price-In-Pakistan-247x307.jpg
6,post-18762,"Tummy Trimmer Unisex Fitness Gadget","₨ 1,900",-63%,₨ 700,https://ebuy.pk/product/tummy-trimmer-unisex-fitness-gadget/,https://ebuy.pk/wp-content/uploads/Tummy-Trimmer-Unisex-Fitness-Gadget-in-Pakistan-5-247x307.jpg
42,post-190476,"LED Crystal Diamond Lamp","₨ 4,200",-52%,"₨ 2,000",https://ebuy.pk/product/led-crystal-diamond-lamp/,https://ebuy.pk/wp-content/uploads/LED-Crystal-Diamond-Lamp-Online-Best-Price-In-Pakistan-247x307.jpg
40,post-192712,"Heatless Curling Rod","₨ 1,100",-41%,₨ 650,https://ebuy.pk/product/heatless-curling-rod/,https://ebuy.pk/wp-content/uploads/Heatless-Curling-Rod-Online-Best-Price-In-Pakistan-1-247x307.jpg
41,post-193137,"Plastic Liquid Spout Bag",₨ 800,-28%,₨ 580,https://ebuy.pk/product/plastic-liquid-spout-bag/,https://ebuy.pk/wp-content/uploads/Plastic-Liquid-Spout-Bag-Online-Best-Price-In-Pakistan-247x307.jpg
173,post-194189,"Nano Mist Sprayer","₨ 1,000",-30%,₨ 700,https://ebuy.pk/product/nano-mist-sprayer/,https://ebuy.pk/wp-content/uploads/Nano-Mist-Sprayer-Online-Best-Price-In-Pakistan-247x307.jpg
118,post-195007,"Whitening Night Cream","₨ 1,800",-33%,"₨ 1,200",https://ebuy.pk/product/whitening-night-cream/,https://ebuy.pk/wp-content/uploads/Whitening-Fade-Spots-Night-Cream-Online-Best-Price-In-Pakistan-247x307.jpg
103,post-196522,"Nova Foldable Hair Dryer","₨ 1,500",-30%,"₨ 1,050",https://ebuy.pk/product/nova-foldable-hair-dryer/,https://ebuy.pk/wp-content/uploads/Nova-Foldable-Hair-Dryer-Online-Best-Price-In-Pakistan-247x307.jpg
106,post-197443,"3 in 1 Blow Dryer Hot Air Straightener Brush","₨ 4,000",-45%,"₨ 2,200",https://ebuy.pk/product/3-in-1-blow-dryer-hot-air-straightener-brush/,https://ebuy.pk/wp-content/uploads/3-in-1-Blow-Dryer-Hot-Air-Straightener-Brush-Online-Price-In-Pakistan-247x307.jpg
172,post-199148,"Portable Electric Citrus Juicer","₨ 7,000",-31%,"₨ 4,800",https://ebuy.pk/product/portable-electric-citrus-juicer/,https://ebuy.pk/wp-content/uploads/Portable-Electric-Citrus-Juicer-Online-Price-In-Pakistan-247x307.jpg
39,post-199158,"Grain Storage Bag With Sealing Cap",₨ 800,-28%,₨ 580,https://ebuy.pk/product/grain-storage-bag-with-sealing-cap/,https://ebuy.pk/wp-content/uploads/Grain-Storage-Bag-With-Sealing-Cap-Online-Best-Price-In-Pakistan-247x307.jpg
22,post-199529,"3 Barrel Curling Iron Wand","₨ 5,400",-37%,"₨ 3,400",https://ebuy.pk/product/3-barrel-curling-iron-wand/,https://ebuy.pk/wp-content/uploads/3-Barrel-Curling-Iron-Wand-Online-At-Best-Price-In-Pakistan-247x307.png
38,post-199736,"2 in 1 Ceramic Spiral Hair Curler","₨ 3,500",-31%,"₨ 2,400",https://ebuy.pk/product/2-in-1-ceramic-spiral-hair-curler/,https://ebuy.pk/wp-content/uploads/2-in-1-Ceramic-Spiral-Hair-Curler-Online-Best-Price-In-Pakistan-247x307.jpg
37,post-206422,"Acrylic Birdie Juicer Lemon Squeezer",₨ 700,-43%,₨ 400,https://ebuy.pk/product/acrylic-birdie-juicer-lemon-squeezer/,https://ebuy.pk/wp-content/uploads/Acrylic-Birdie-Juicer-Lemon-Squeezer-Online-at-Best-Price-in-Pakistan-247x307.jpg
135,post-206537,"EMS Butterfly Mini Body Massager","₨ 1,200",-42%,₨ 700,https://ebuy.pk/product/ems-butterfly-mini-body-massager/,https://ebuy.pk/wp-content/uploads/EMS-Butterfly-Mini-Body-Massager-Rechargeable-online-at-best-price-in-Pakistan-247x307.jpg
134,post-206782,"EMS Foot Massager Mat","₨ 2,000",-40%,"₨ 1,200",https://ebuy.pk/product/ems-foot-massager-mat/,https://ebuy.pk/wp-content/uploads/EMS-Foot-Massager-Mat-Online-Best-Price-In-Pakistan-247x307.jpg
160,post-208233,"Mini Fast Portable Juicer Blender USB Rechargeable","₨ 3,200",-38%,"₨ 2,000",https://ebuy.pk/product/mini-fast-portable-juicer-blender-usb-rechargeable/,https://ebuy.pk/wp-content/uploads/Mini-Fast-Portable-Juicer-Blender-USB-Rechargeable-Online-at-Best-Price-in-Pakistan-247x307.jpg
36,post-208499,"Baby Water Play Mat","₨ 2,000",-30%,"₨ 1,400",https://ebuy.pk/product/baby-water-play-mat/,https://ebuy.pk/wp-content/uploads/Baby-Water-Play-Mat-Online-Best-Price-In-Pakistan-247x307.jpg
35,post-208554,"Anti Slip Kitchen Floor Mat Runner","₨ 2,200",-23%,"₨ 1,700",https://ebuy.pk/product/anti-slip-kitchen-floor-mat-runner/,https://ebuy.pk/wp-content/uploads/Anti-Slip-Kitchen-Floor-Mat-Runner-Best-Price-In-Pakistan-247x307.jpg
34,post-208636,"Tissue Box Holder","₨ 1,400",-29%,"₨ 1,000",https://ebuy.pk/product/tissue-box-holder/,https://ebuy.pk/wp-content/uploads/Tissue-Box-Holder-Online-Price-In-Pakistan-247x307.jpg
33,post-208642,"Tissue Box Holder With Clock","₨ 2,000",-30%,"₨ 1,400",https://ebuy.pk/product/tissue-box-holder-with-clock/,https://ebuy.pk/wp-content/uploads/Tissue-Box-Holder-With-Clock-Online-Best-Price-In-Pakistan-247x307.jpg
171,post-208679,"Portable Mini High Power LED Headlamp","₨ 1,200",-33%,₨ 800,https://ebuy.pk/product/portable-mini-high-power-led-headlamp/,https://ebuy.pk/wp-content/uploads/Portable-Mini-High-Power-LED-Headlamp-Online-Best-Price-In-Pakistan-247x307.jpg
32,post-208702,"Self Sealing Toothpaste Squeezer Cap",₨ 50,-40%,₨ 30,https://ebuy.pk/product/self-sealing-toothpaste-squeezer-cap/,https://ebuy.pk/wp-content/uploads/Self-Sealing-Toothpaste-Squeezer-Cap-Online-Best-Price-In-Pakistan-247x307.jpg
1,post-208708,"Automatic Baby Nail Trimmer Manicure Kit","₨ 2,400",-33%,"₨ 1,600",https://ebuy.pk/product/automatic-baby-nail-trimmer-manicure-kit/,https://ebuy.pk/wp-content/uploads/Automatic-Baby-Nail-Trimmer-Manicure-Kit-Online-Best-Price-In-Pakistan-247x307.jpg
11,post-208730,"Adjustable Hand Grip Strengthener Fingers Exerciser","₨ 1,200",-42%,₨ 700,https://ebuy.pk/product/adjustable-hand-grip-strengthener/,https://ebuy.pk/wp-content/uploads/Adjustable-Hand-Grip-Strengthener-Fingers-Exerciser-Online-Best-Price-In-Pakistan-247x307.jpg
31,post-208736,"LED Mushroom Crystal Table Lamp","₨ 4,000",-38%,"₨ 2,500",https://ebuy.pk/product/led-mushroom-crystal-table-lamp/,https://ebuy.pk/wp-content/uploads/LED-Mushroom-Crystal-Diamond-Table-Lamp-Online-Best-Price-In-Pakistan-247x307.jpg
29,post-208792,"2 Layer Bathroom Storage Rack","₨ 3,200",-31%,"₨ 2,200",https://ebuy.pk/product/2-layer-bathroom-storage-rack/,https://ebuy.pk/wp-content/uploads/2-Layer-Bathroom-Storage-Rack-Online-Best-Price-In-Pakistan-247x307.jpg
30,post-208933,"Aloe Vera Face Serum","₨ 1,200",-33%,₨ 800,https://ebuy.pk/product/aloe-vera-face-serum/,https://ebuy.pk/wp-content/uploads/Aloe-Vera-Face-Serum-Online-Best-Price-In-Pakistan-247x307.jpg
28,post-209715,"Over Door Hanging Storage Organizer",₨ 800,-31%,₨ 550,https://ebuy.pk/product/over-door-hanging-storage-organizer/,https://ebuy.pk/wp-content/uploads/Over-Door-Hanging-Storage-Organizer-Price-In-Pakistan-247x307.jpg
102,post-212321,"Professional 5 in 1 Hair Dryer","₨ 4,500",-24%,"₨ 3,400",https://ebuy.pk/product/professional-5-in-1-hair-dryer/,https://ebuy.pk/wp-content/uploads/Professional-5-in-1-Hair-Dryer-Online-In-Pakistan-247x307.jpg
27,post-212528,"Keratin Hair Mask","₨ 1,000",-30%,₨ 700,https://ebuy.pk/product/keratin-hair-mask/,https://ebuy.pk/wp-content/uploads/Keratin-Hair-Mask-Online-At-Best-Price-In-Pakistan-247x307.jpg
170,post-217041,"Mini Portable Ultrasonic Turbine Washing Machine","₨ 2,800",-29%,"₨ 2,000",https://ebuy.pk/product/mini-portable-ultrasonic-turbine-washing-machine/,https://ebuy.pk/wp-content/uploads/Mini-Portable-Ultrasonic-Turbine-Washing-Machine-Online-At-Best-Price-In-Pakistan-247x307.jpg
91,post-21719,"6 Pockets Purse Organizer",₨ 900,-44%,₨ 500,https://ebuy.pk/product/6-pockets-purse-organizer/,https://ebuy.pk/wp-content/uploads/6-Pockets-Purse-Organizer-At-Best-Price-in-Pakistan-247x307.jpg
151,post-217221,"Ultrasonic Shovel Facial Deep Cleanser","₨ 3,000",-33%,"₨ 2,000",https://ebuy.pk/product/ultrasonic-shovel-facial-deep-cleanser/,https://ebuy.pk/wp-content/uploads/Ultrasonic-Shovel-Facial-Deep-Cleanser-Online-At-Best-Price-In-Pakistan-247x307.jpg
159,post-217505,"Hand Held Misting Cooling Fan USB Rechargeable","₨ 2,500",-36%,"₨ 1,600",https://ebuy.pk/product/hand-held-misting-cooling-fan-usb-rechargeable/,https://ebuy.pk/wp-content/uploads/Hand-Held-Misting-Cooling-Fan-USB-Rechargeable-Online-At-Best-Price-In-Pakistan-247x307.jpg
150,post-218811,"Intelligent Breathing Cupping Massage Instrument","₨ 6,000",-33%,"₨ 4,000",https://ebuy.pk/product/intelligent-breathing-cupping-massage-instrument/,https://ebuy.pk/wp-content/uploads/Breathing-Cupping-Massage-Instrument-Online-At-Best-Price-In-Pakistan-247x307.jpg
149,post-218820,"2 in 1 Ice Roller","₨ 1,600",-47%,₨ 850,https://ebuy.pk/product/2-in-1-ice-roller/,https://ebuy.pk/wp-content/uploads/2-in-1-Ice-Roller-Online-At-Best-Price-In-Pakistan-247x307.jpg
133,post-218973,"Mini Eye Massager Pen Anti Dark Circle","₨ 1,000",-40%,₨ 600,https://ebuy.pk/product/mini-eye-massager-pen/,https://ebuy.pk/wp-content/uploads/Mini-Eye-Massager-Pen-Anti-Dark-Circle-Online-In-Pakistan-247x307.jpg
158,post-22429,"Cervical Massage Shawls – Power Drum Massage For Neck & Shoulder","₨ 5,800",-24%,"₨ 4,400",https://ebuy.pk/product/cervical-massage-shawls/,https://ebuy.pk/wp-content/uploads/Cervical-Massage-Shawls-At-Best-Price-In-Pakistan-2-247x307.jpg
90,post-23027,"Automatic Toothpaste Dispenser","₨ 1,100",-50%,₨ 550,https://ebuy.pk/product/automatic-toothpaste-dispenser/,https://ebuy.pk/wp-content/uploads/Automatic-Toothpaste-Dispenser-At-Best-Price-in-Pakistan-247x307.jpg
89,post-25690,"Hot Shaper Slimming Shirt","₨ 1,800",-33%,"₨ 1,200",https://ebuy.pk/product/hot-shaper-slimming-shirt/,https://ebuy.pk/wp-content/uploads/Hot-Shaper-Slimming-Shirt-At-Amazing-Price-in-Pakistan-247x307.jpg
168,post-2750,"Best Husband Mug",₨ 800,"No discount","₨ 1,000",https://ebuy.pk/product/best-husband-mug/,https://ebuy.pk/wp-content/uploads/Custom-printed-best-husband-mug-Pakistan-B-247x314.jpg
169,post-2753,"Best Husband From My Heart Mug",₨ 800,"No discount","₨ 1,000",https://ebuy.pk/product/best-husband-from-my-heart-mug/,https://ebuy.pk/wp-content/uploads/Custom-printed-best-husband-mug-Pakistan-B-1-247x314.jpg
167,post-2758,"My Best Husband With Love Mug",₨ 800,"No discount","₨ 1,000",https://ebuy.pk/product/best-husband-love-mug/,https://ebuy.pk/wp-content/uploads/Custom-printed-best-husband-mug-Pakistan-B-2-247x314.jpg
166,post-2765,"Love You My Best Husband Mug",₨ 800,"No discount","₨ 1,000",https://ebuy.pk/product/love-best-husband-mug/,https://ebuy.pk/wp-content/uploads/Custom-printed-best-husband-mug-Pakistan-B-3-247x314.jpg
165,post-2783,"Best Husband With Lots Of Love Mug",₨ 800,"No discount","₨ 1,000",https://ebuy.pk/product/best-husband-with-lots-of-love-mug/,https://ebuy.pk/wp-content/uploads/Custom-printed-best-husband-mug-Pakistan-B-4-247x314.jpg
164,post-2789,"My Best Husband Forever Mug",₨ 800,"No discount","₨ 1,000",https://ebuy.pk/product/best-husband-forever-mug/,https://ebuy.pk/wp-content/uploads/Custom-printed-best-husband-mug-Pakistan-B-5-247x314.jpg
163,post-2797,"Best Husband Ever Mug",₨ 800,"No discount","₨ 1,000",https://ebuy.pk/product/best-husband-ever-mug/,https://ebuy.pk/wp-content/uploads/Custom-printed-best-husband-mug-Pakistan-B-6-247x314.jpg
126,post-32168,"Diy Photo Frame Clock","₨ 4,000",-50%,"₨ 2,000",https://ebuy.pk/product/diy-photo-frame-clock/,https://ebuy.pk/wp-content/uploads/Diy-Photo-Frame-Clock-At-Best-Price-In-Pakistan-247x307.jpg
131,post-38420,"Rechargeable USB Juicer","₨ 2,500",-20%,"₨ 2,000",https://ebuy.pk/product/rechargeable-usb-juicer/,https://ebuy.pk/wp-content/uploads/Rechargable-USB-Juicer-At-Best-Price-In-Pakistan-247x307.jpg
182,post-3960,"Bluetooth Car Modulator Kit Hands free MP3 Player Charger for Smart Phone","₨ 2,400",-67%,₨ 800,https://ebuy.pk/product/bluetooth-car-modulator-kit/,https://ebuy.pk/wp-content/uploads/Bluetooth-Car-Modulator-Kit-Mp3-Player-in-Pakistan-247x307.jpg
162,post-3961,"Handheld Portable Fan With Mini USB Rechargeable Battery","₨ 1,200",-25%,₨ 900,https://ebuy.pk/product/handheld-portable-fan-rechargeable/,https://ebuy.pk/wp-content/uploads/Handheld-Portable-Fan-Rechargable-in-Pakistan-247x307.jpg
148,post-4054,"Body Massager Battery Operated","₨ 1,000",-25%,₨ 750,https://ebuy.pk/product/body-massager-battery-operated/,https://ebuy.pk/wp-content/uploads/Body-Massager-Battery-Operated-Online-in-pakistan-6-247x307.jpg
104,post-4068,"Pro Max Professional Hair Dryer 1000 Watts","₨ 1,800",-33%,"₨ 1,200",https://ebuy.pk/product/pro-max-professional-hair-dryer/,https://ebuy.pk/wp-content/uploads/Buy-Pro-Max-Professional-Hair-Dryer-Online-in-Pakistan-3-247x307.jpg
147,post-4265,"Facial Cleanser And Massager","₨ 1,400",-40%,₨ 840,https://ebuy.pk/product/facial-cleanser-massager/,https://ebuy.pk/wp-content/uploads/Electric-Facial-Cleanser-And-Massager-Online-in-Pakistan-247x307.jpg
26,post-4267,"Portable Steamer Iron","₨ 5,000",-24%,"₨ 3,800",https://ebuy.pk/product/portable-steamer-iron/,https://ebuy.pk/wp-content/uploads/Portable-Steamer-Iron-Online-in-Pakistan-247x307.jpg
101,post-4273,"Manual Drinking Water Pump","₨ 1,300",-58%,₨ 550,https://ebuy.pk/product/manual-drinking-water-pump/,https://ebuy.pk/wp-content/uploads/Manual-Drinking-Water-Pump-Online-in-Pakistan-2-247x307.jpg
180,post-46176,"Acne Pore & Blackhead Remover Rechargeable","₨ 2,300",-26%,"₨ 1,700",https://ebuy.pk/product/acne-pore-black-head-remover-rechargeable/,https://ebuy.pk/wp-content/uploads/Acne-Pore-Blackhead-Remover-Rechargeable-Online-Best-Price-In-Pakistan-247x307.jpg
125,post-46200,"Anti Theft Waterproof Backpack","₨ 6,000",-27%,"₨ 4,400",https://ebuy.pk/product/anti-theft-waterproof-backpack/,https://ebuy.pk/wp-content/uploads/Anti-Theft-Waterproof-Backpack-At-Best-Price-In-Pakistan-247x307.jpg
157,post-48554,"Wireless Bluetooth Mic Speaker Voice Changer","₨ 2,800",-29%,"₨ 2,000",https://ebuy.pk/product/wireless-bluetooth-mic-speaker-voice-changer/,https://ebuy.pk/wp-content/uploads/Wireless-Bluetooth-Mic-Speaker-Voice-Changer-At-Best-Price-In-Pakistan-247x307.jpg
9,post-4889,"Hair Removal Trimmer Kit","₨ 1,500",-53%,₨ 700,https://ebuy.pk/product/hair-removal-trimmer-kit/,https://ebuy.pk/wp-content/uploads/Hair-Removal-Trimmer-Kit-Online-in-Pakistan-247x307.jpg
10,post-4934,"Micro Touch All In One Trimmer","₨ 1,500",-40%,₨ 900,https://ebuy.pk/product/micro-touch-one-trimmer/,https://ebuy.pk/wp-content/uploads/Micro-Touch-All-In-One-Trimmer-Online-in-Pakistan-247x307.jpg
100,post-4951,"Hot Shaper Belt, Trouser And Bra","₨ 4,200",-29%,"₨ 3,000",https://ebuy.pk/product/hot-shaper-belt-trouser-bra/,https://ebuy.pk/wp-content/uploads/Hot-Shaper-Belt-Trouser-And-Bra-Online-in-Pakistan-4-247x307.jpg
88,post-58006,"Anti Snore Device – Sleep Aid",₨ 600,-33%,₨ 400,https://ebuy.pk/product/anti-snore-device-sleep-aid/,https://ebuy.pk/wp-content/uploads/Anti-Snore-Device-Sleep-Aid-At-Best-Price-In-Pakistan-247x307.jpg
178,post-59742,"Ultrasonic Rechargeable Facial Cleanser Makeup Remover","₨ 1,500",-33%,"₨ 1,000",https://ebuy.pk/product/ultrasonic-rechargeable-facial-cleanser-makeup-remover/,https://ebuy.pk/wp-content/uploads/Ultrasonic-Rechargeable-Facial-Cleanser-Makeup-Remover-At-Best-Price-In-Pakistan-247x307.jpg
8,post-6062,"Rotating Level Hair Trimmer",₨ 800,-38%,₨ 500,https://ebuy.pk/product/rotating-level-hair-trimmer/,https://ebuy.pk/wp-content/uploads/Rotating-Level-Hair-Trimmer-Online-in-Pakistan-5-247x307.jpg
144,post-62937,"Foot Bath Massager","₨ 14,000","No discount","₨ 12,000",https://ebuy.pk/product/foot-bath-massager/,https://ebuy.pk/wp-content/uploads/Foot-Bath-Massager-At-Best-Price-In-Pakistan-247x307.jpg
181,post-6526,"EzCast Wifi Dongle","₨ 2,500","No discount","₨ 1,000",https://ebuy.pk/product/ezcast-wifi-dongle/,https://ebuy.pk/wp-content/uploads/EzCast-Wifi-Dongle-Online-Best-Price-In-Pakistan-247x307.jpg
21,post-6598,"Kemei Professional Hair Clipper","₨ 3,000",-27%,"₨ 2,200",https://ebuy.pk/product/kemei-professional-hair-clipper/,https://ebuy.pk/wp-content/uploads/Kemei-Professional-Hair-Clipper-KM-27C-Online-in-Pakistan-2-247x307.jpg
7,post-6690,"Kemei Dock Trimmer","₨ 2,500",-28%,"₨ 1,800",https://ebuy.pk/product/kemei-dock-trimmer/,https://ebuy.pk/wp-content/uploads/Kemei-Dock-Trimmer-KM-C606-Online-in-Pakistan-247x307.jpg
20,post-6717,"Kemei Shaver 3 in 1","₨ 3,400",-35%,"₨ 2,200",https://ebuy.pk/product/kemei-shaver-3-in-1-km6558/,https://ebuy.pk/wp-content/uploads/Kemei-Shaver-3-in-1-KM-6558-At-Best-Price-In-Pakistan-2-247x307.jpg
87,post-69666,"Rotating Stainless Steel Spice Rack Set of 16 Glass Spice Jars","₨ 9,900",-21%,"₨ 7,800",https://ebuy.pk/product/rotating-stainless-steel-spice-rack-set-16-glass-spice-jars/,https://ebuy.pk/wp-content/uploads/Rotating-Stainless-Steel-Spice-Rack-Set-of-16-Glass-Spice-Jars-At-Best-Price-In-Pakistan-1-247x307.jpg
130,post-69834,"Microfiber Hand Glove Duster",₨ 450,-56%,₨ 200,https://ebuy.pk/product/microfiber-hand-glove-duster/,https://ebuy.pk/wp-content/uploads/Microfiber-Hand-Glove-Duster-At-Best-Price-In-Pakistan-247x307.jpg
86,post-69855,"2 Layer Stainless Steel Dish Drainer Rack","₨ 6,400",-38%,"₨ 4,000",https://ebuy.pk/product/2-layer-stainless-steel-dish-drainer-rack/,https://ebuy.pk/wp-content/uploads/2-Layer-Stainless-Steel-Dish-Drainer-Rack-At-Best-Price-In-Pakistan-247x307.jpg
129,post-69876,"Spin Duster","₨ 3,000",-47%,"₨ 1,600",https://ebuy.pk/product/spin-duster/,https://ebuy.pk/wp-content/uploads/Spin-Duster-At-Best-Price-In-Pakistan-247x307.jpg
111,post-69938,"Kemei Professional Hair Straightener","₨ 3,000",-30%,"₨ 2,100",https://ebuy.pk/product/kemei-professional-hair-straightener/,https://ebuy.pk/wp-content/uploads/Kemei-Professional-Hair-Straightener-KM-531-At-Best-Price-In-Pakistan-2-247x307.jpg
115,post-69939,"Kemei Professional Hair Crimper (KM-533)","₨ 2,600",-15%,"₨ 2,200",https://ebuy.pk/product/kemei-professional-hair-crimper-km-533/,https://ebuy.pk/wp-content/uploads/Kemei-Professional-Hair-Crimper-KM-533-At-Best-Price-In-Pakistan-4-247x307.jpg
85,post-70001,"Rolling Pin Dough Roller",₨ 800,-25%,₨ 600,https://ebuy.pk/product/rolling-pin-dough-roller/,https://ebuy.pk/wp-content/uploads/Rolling-Pin-Dough-Roller-At-Best-Price-In-Pakistan-247x307.jpg
84,post-70096,"Folding Organizer Clothing Storage Bag Window & Zipper",₨ 400,-45%,₨ 220,https://ebuy.pk/product/folding-organizer-clothing-storage-bag-window-zipper-pack-of-4/,https://ebuy.pk/wp-content/uploads/2-14-247x307.jpg
99,post-7015,"Water Purifier","₨ 1,500",-20%,"₨ 1,200",https://ebuy.pk/product/water-purifier/,https://ebuy.pk/wp-content/uploads/Water-Purifier-Online-Shopping-in-Pakistan-5-1-247x307.jpg
146,post-7024,"Multifunction Massager 11 in 1","₨ 2,800",-29%,"₨ 2,000",https://ebuy.pk/product/multifunction-massager-11-1/,https://ebuy.pk/wp-content/uploads/Multifunction-Massager-11-in-1-Online-in-Pakistan-247x307.jpg
83,post-70250,"Silicone Folding Drain Basket",₨ 800,-25%,₨ 600,https://ebuy.pk/product/silicone-folding-drain-basket/,https://ebuy.pk/wp-content/uploads/Silicone-Folding-Drain-Basket-At-Best-Price-In-Pakistan-247x307.jpg
24,post-70293,"Silicone Iron Rest Pad",₨ 800,-50%,₨ 400,https://ebuy.pk/product/silicone-iron-rest-pad-pack-of-2/,https://ebuy.pk/wp-content/uploads/Silicone-Iron-Rest-Pad-Pack-Of-2-At-Best-Price-In-Pakistan-247x307.jpg
81,post-71462,"Wooden Spoon Holder","₨ 1,400",-36%,₨ 900,https://ebuy.pk/product/wooden-spoon-holder/,https://ebuy.pk/wp-content/uploads/Wooden-Spoon-Holder-At-Best-Price-In-Pakistan-247x307.jpg
82,post-71505,"Wooden Pizza Serving Tray (9 Inches)","₨ 2,500",-40%,"₨ 1,500",https://ebuy.pk/product/wooden-pizza-serving-tray-9-inches/,https://ebuy.pk/wp-content/uploads/Wooden-Pizza-Serving-Tray-9-Inches-At-Best-Price-In-Pakistan-247x307.jpg
143,post-71742,"Fascial Gun Deep Muscle Fitness Massager","₨ 6,500",-31%,"₨ 4,500",https://ebuy.pk/product/fascial-gun-deep-muscle-fitness-massager/,https://ebuy.pk/wp-content/uploads/Fascial-Gun-Deep-Muscle-Fitness-Massager-At-Best-Price-In-Pakistan-247x307.jpg
80,post-71764,"Silicone Folding Square Drain Basket","₨ 1,000",-30%,₨ 700,https://ebuy.pk/product/silicone-folding-square-drain-basket/,https://ebuy.pk/wp-content/uploads/Silicone-Folding-Square-Drain-Basket-At-Best-Price-In-Pakistan-247x307.jpg
79,post-71787,"4 Shelf Portable Folding Hanging Wardrobe Section Storage Organizer",₨ 800,-44%,₨ 450,https://ebuy.pk/product/4-shelf-portable-folding-hanging-wardrobe-section-storage-organizer/,https://ebuy.pk/wp-content/uploads/4-Shelf-Portable-Folding-Hanging-Wardrobe-Section-Storage-Organizer-At-Best-Price-in-Pakistan-2-247x307.jpg
78,post-71808,"Super Stretch Silicone Lids 6 Pieces",₨ 800,-45%,₨ 440,https://ebuy.pk/product/super-stretch-silicone-lids-6-pieces/,https://ebuy.pk/wp-content/uploads/Super-Stretch-Silicone-Lids-6-Pieces-At-Best-Price-In-Pakistan-247x307.jpg
77,post-71879,"Portable Folding Table For Laptop","₨ 4,000",-38%,"₨ 2,500",https://ebuy.pk/product/portable-folding-table-for-laptop/,https://ebuy.pk/wp-content/uploads/Portable-Folding-Table-For-Laptop-At-Best-Price-In-Pakistan-247x307.jpg
156,post-71913,"Tractors For Cervical Spine","₨ 2,500",-28%,"₨ 1,800",https://ebuy.pk/product/tractors-for-cervical-spine/,https://ebuy.pk/wp-content/uploads/Tractors-For-Cervical-Spine-At-Best-price-In-Pakistan-247x307.jpg
76,post-71937,"Foldable Water Bottle Dispenser With Stand","₨ 2,900",-45%,"₨ 1,600",https://ebuy.pk/product/foldable-water-bottle-dispenser-with-stand/,https://ebuy.pk/wp-content/uploads/Foldable-Water-Bottle-Dispenser-With-Stand-At-Best-Price-In-Pakistan-247x307.jpg
75,post-72355,"Rotating Storage Tray 360 degree Spin Rack","₨ 1,700",-21%,"₨ 1,350",https://ebuy.pk/product/rotating-storage-tray-360-degree-spin-rack/,https://ebuy.pk/wp-content/uploads/Rotating-Storage-Tray-360-degree-Spin-Rack-Online-Best-Price-In-Pakistan-247x307.jpg
74,post-72427,"Silicone Spoon Rest Holder",₨ 350,-49%,₨ 180,https://ebuy.pk/product/silicone-spoon-rest-holder/,https://ebuy.pk/wp-content/uploads/Silicone-Spoon-Rest-Holder-At-Best-Price-In-Pakistan-247x307.jpg
98,post-7244,"Kitchen Spoons Cooking Utensils Set – 6 Pcs","₨ 3,300",-33%,"₨ 2,200",https://ebuy.pk/product/kitchen-spoons-cooking-utensils-set/,https://ebuy.pk/wp-content/uploads/Kitchen-Spoons-Cooking-Utensils-Set-6-Pcs-in-Pakistan-247x307.jpg
179,post-72537,"Fan Faucet Flexible With Clip 360 Adjustable",₨ 300,-33%,₨ 200,https://ebuy.pk/product/fan-faucet-flexible-with-clip-360-adjustable/,https://ebuy.pk/wp-content/uploads/Fan-Faucet-Flexible-With-Clip-360-Adjustable-At-Best-Price-In-Pakistan-2-247x307.jpg
114,post-7282,"Nova Hair Straightener & Curler","₨ 3,500",-31%,"₨ 2,400",https://ebuy.pk/product/nova-hair-straightener-curler/,https://ebuy.pk/wp-content/uploads/Nova-Hair-Straightener-Curler-Online-in-Pakistan-3-247x307.jpg
73,post-73169,"Power Balloon Car Toy Balloon Pump For Kids","₨ 2,200",-27%,"₨ 1,600",https://ebuy.pk/product/power-balloon-car-toy-balloon-pump-for-kids/,https://ebuy.pk/wp-content/uploads/Power-Balloon-Car-Toy-Price-In-Pakistan-5-247x307.jpg
25,post-7335,"Remington Hair Curling Iron","₨ 5,000",-44%,"₨ 2,800",https://ebuy.pk/product/remington-hair-curling-iron/,https://ebuy.pk/wp-content/uploads/Remington-Hair-Curling-Iron-Wand-Online-At-Best-Price-In-Pakistan-247x307.jpg
97,post-7551,"Waterproof Mosquito Wristband",₨ 900,-44%,₨ 500,https://ebuy.pk/product/waterproof-mosquito-wristband/,https://ebuy.pk/wp-content/uploads/Waterproof-Mosquito-Wristband-Online-Best-Price-In-Pakistan-247x307.jpg
132,post-7556,"Bluetooth Audio Receiver With Microphone",₨ 900,-44%,₨ 500,https://ebuy.pk/product/bluetooth-audio-receiver-microphone/,https://ebuy.pk/wp-content/uploads/Bluetooth-Audio-Receiver-With-Microphone-in-Pakistan-247x307.jpg
19,post-75627,"Cake Leveler Slicer Cutter with Adjustable Wire","₨ 1,200",-42%,₨ 700,https://ebuy.pk/product/cake-leveler-slicer-cutter-with-adjustable-wire/,https://ebuy.pk/wp-content/uploads/Cake-Leveler-Slicer-Cutter-Online-at-Best-Price-In-Pakistan-247x307.jpg
119,post-7590,"USB LED Light – Pack Of 5",₨ 900,-44%,₨ 500,https://ebuy.pk/product/usb-led-light-pack-5/,https://ebuy.pk/wp-content/uploads/USB-LED-Light-Pack-Of-5-Online-in-Pakistan-247x307.jpg
72,post-76295,"Double Sided Silicone Door Stopper Wall Protection",₨ 400,-35%,₨ 260,https://ebuy.pk/product/silicone-door-stopper/,https://ebuy.pk/wp-content/uploads/Double-Sided-Silicone-Door-Stopper-Wall-Protection-Price-In-Pakistan-247x307.jpg
18,post-76652,"Electric Beard Straightener Hair Straightening Comb For Men","₨ 1,600",-44%,₨ 900,https://ebuy.pk/product/electric-beard-straightener/,https://ebuy.pk/wp-content/uploads/Electric-Beard-Straightener-Online-at-Best-Price-In-Pakistan-2-247x307.jpg
117,post-7831,"Night Light Baby Projector Lamp","₨ 3,000",-30%,"₨ 2,100",https://ebuy.pk/product/night-light-baby-projector-lamp/,https://ebuy.pk/wp-content/uploads/Night-Light-Baby-Projector-Lamp-Online-in-Pakistan-247x307.jpg
5,post-81944,"Veet Sensitive Touch Hair Trimmer Hair Remover For Women","₨ 1,800",-44%,"₨ 1,000",https://ebuy.pk/product/veet-sensitive-touch-hair-trimmer/,https://ebuy.pk/wp-content/uploads/Veet-Sensitive-Touch-Hair-Trimmer-Hair-Remover-For-Women-Online-Best-Price-In-Pakistan-247x307.jpg
71,post-84760,"Toothpaste Squeezer Rolling Tube Squeezer Toothpaste Press Holder",₨ 250,-40%,₨ 150,https://ebuy.pk/product/toothpaste-squeezer/,https://ebuy.pk/wp-content/uploads/Toothpaste-Squeezer-Rolling-Tube-Squeezer-Toothpaste-Press-Holder-Online-at-Best-Price-In-Pakistan-247x307.jpg
70,post-85026,"Kitchen Bathroom Shelf Wall Mounted Storage Rack Organizer","₨ 1,200",-25%,₨ 900,https://ebuy.pk/product/kitchen-bathroom-shelf/,https://ebuy.pk/wp-content/uploads/Kitchen-Bathroom-Shelf-Wall-Mounted-Storage-Rack-Organizer-Online-in-Pakistan-247x307.jpg
113,post-8564,"Fast Hair Straightener Brush","₨ 2,900",-38%,"₨ 1,800",https://ebuy.pk/product/fast-hair-straightener-brush/,https://ebuy.pk/wp-content/uploads/Fast-Hair-Straightener-Brush-Best-Price-in-Pakistan-3-247x307.jpg
23,post-86380,"Mini Hair Straightener Flat Iron",₨ 900,-22%,₨ 700,https://ebuy.pk/product/mini-hair-straightener/,https://ebuy.pk/wp-content/uploads/Mini-Hair-Straightener-Flat-Iron-at-Best-Price-In-Pakistan-2-247x307.jpg
177,post-86950,"LED Photo Clips String Lights for Decoration","₨ 1,800",-33%,"₨ 1,200",https://ebuy.pk/product/led-photo-clips-string-lights/,https://ebuy.pk/wp-content/uploads/LED-Photo-Clips-String-Lights-for-Decoration-at-Best-Price-in-Pakistan-247x307.jpg
142,post-87489,"Skin Face Ice Roller Cool Massager","₨ 1,000",-30%,₨ 700,https://ebuy.pk/product/skin-face-ice-roller/,https://ebuy.pk/wp-content/uploads/Skin-Face-Ice-Roller-Cool-Massager-online-at-best-price-in-Pakistan-247x307.jpg
95,post-8854,"2 in 1 Hair Styler – Straightener & Curler","₨ 4,500",-20%,"₨ 3,600",https://ebuy.pk/product/2-1-hair-styler-straightener-curler/,https://ebuy.pk/wp-content/uploads/2-in-1-Hair-Styler-Straightener-Curler-Online-in-Pakistan-3-247x307.jpg
96,post-8859,"3 in 1 Multi-functional 360 Degree Rotary Vegetable Peeler",₨ 400,-40%,₨ 240,https://ebuy.pk/product/3-1-360-degree-rotary-vegetable-peeler/,https://ebuy.pk/wp-content/uploads/3-in-1-Multi-functional-360-Degree-Rotary-Vegetable-Peeler-online-at-best-price-in-Pakistan-247x307.jpg
140,post-88829,"Finishing Touch Flawless Contour Facial Roller & Massager","₨ 1,200",-25%,₨ 900,https://ebuy.pk/product/finishing-touch-flawless-contour/,https://ebuy.pk/wp-content/uploads/Finishing-Touch-Flawless-Contour-Facial-Roller-Online-In-Pakistan-1-247x307.jpg
17,post-89241,"Kemei 2 in 1 Epilator & Shaver Body Hair Removal Machine","₨ 5,500",-25%,"₨ 4,100",https://ebuy.pk/product/kemei-2-in-1-epilator-shaver/,https://ebuy.pk/wp-content/uploads/Kemei-2-in-1-Epilator-Shaver-Body-Hair-Removal-Machine-online-at-best-price-in-Pakistan-2-247x307.jpg
161,post-89510,"Mini USB Food Chopper Rechargeable Electric Grinder","₨ 2,500",-36%,"₨ 1,600",https://ebuy.pk/product/mini-usb-food-chopper/,https://ebuy.pk/wp-content/uploads/Mini-USB-Food-Chopper-Online-Best-Price-In-Pakistan-247x307.jpg
61,post-89902,"3D Brick Wall Sticker Self-adhesive Panel",₨ 700,-26%,₨ 520,https://ebuy.pk/product/3d-brick-wall-sticker/,https://ebuy.pk/wp-content/uploads/3D-Brick-Wall-Sticker-Self-adhesive-Panel-at-best-price-in-Pakistan-247x307.jpg
105,post-92808,"Bathroom Storage Rack with Hairdryer Holder (Wall Mounted)",₨ 900,-44%,₨ 500,https://ebuy.pk/product/bathroom-storage-rack-with-hairdryer-holder/,https://ebuy.pk/wp-content/uploads/Bathroom-Storage-Rack-with-Hairdryer-Holder-Online-Price-In-Pakistan-1-247x307.jpg
124,post-92930,"Car Rear View Mirror Rain-Proof Film Anti Water Anti Fog",₨ 600,-33%,₨ 400,https://ebuy.pk/product/car-rear-view-mirror-rain-proof-film/,https://ebuy.pk/wp-content/uploads/Car-Rear-View-Mirror-Rain-Proof-Film-Online-at-Best-Price-In-Pakistan-247x307.jpg
109,post-93062,"Cable Organizer Wire Holder Self Adhesive",₨ 300,-27%,₨ 220,https://ebuy.pk/product/cable-organizer-wire-holder/,https://ebuy.pk/wp-content/uploads/Cable-Organizer-Wire-Holder-Self-Adhesive-online-at-best-price-in-Pakistan-247x307.jpg
69,post-93901,"Disposable Dastarkhwan Sufra",₨ 600,-33%,₨ 400,https://ebuy.pk/product/disposable-dastarkhwan-sufra/,https://ebuy.pk/wp-content/uploads/Disposable-Dastarkhwan-Sufra-Online-at-Best-Price-In-Pakistan-3-247x307.jpg
123,post-93911,"Kids Magic Glow Pad for Drawing Writing & Creative Art","₨ 1,800",-22%,"₨ 1,400",https://ebuy.pk/product/kids-magic-glow-pad/,https://ebuy.pk/wp-content/uploads/Kids-Magic-Glow-Pad-Online-at-Best-Price-In-Pakistan-247x307.jpg
16,post-94342,"Fitness Push Up Board 9 in 1 Multifunction Muscleboard","₨ 4,000",-18%,"₨ 3,300",https://ebuy.pk/product/fitness-push-up-board/,https://ebuy.pk/wp-content/uploads/Fitness-Push-Up-Board-online-at-best-price-in-Pakistan-247x307.jpg
4,post-94930,"Tinkle Eyebrow Razors Facial Hair Trimmer Shaver",₨ 200,-25%,₨ 150,https://ebuy.pk/product/tinkle-eyebrow-razors/,https://ebuy.pk/wp-content/uploads/Tinkle-Eyebrow-Razors-Shaver-Online-at-Best-Price-In-Pakistan-5-247x307.jpg
68,post-95611,"Electric Water Dispenser Pump USB Rechargeable","₨ 1,800",-33%,"₨ 1,200",https://ebuy.pk/product/electric-water-dispenser-pump/,https://ebuy.pk/wp-content/uploads/Electric-Water-Dispenser-Pump-online-at-best-price-in-Pakistan-3-247x307.jpg
3,post-97965,"Kemei 4 in 1 Shaver Women’s Trimmer for Face, Nose, Eyebrow, Body","₨ 4,800",-21%,"₨ 3,800",https://ebuy.pk/product/kemei-4-in-1-shaver/,https://ebuy.pk/wp-content/uploads/Kemei-4-in-1-Shaver-Womens-Trimmer-for-Face-Nose-Eyebrow-Body-Online-In-Pakistan-2-247x307.jpg
112,post-9931,"Nova Hair Straightener","₨ 3,000",-27%,"₨ 2,200",https://ebuy.pk/product/nova-hair-straightener/,https://ebuy.pk/wp-content/uploads/Nova-Hair-Straightener-At-Best-Price-in-Pakistan-2-247x307.jpg
